{
    "-0.0117_0.0783_0.6545": {
        "x": -0.011694088578224182,
        "y": 0.07833310216665268,
        "z": 0.6545402407646179,
        "label": "Cube"
    },
    "-0.013_0.0785_0.6579": {
        "x": -0.012975790537893772,
        "y": 0.07848138362169266,
        "z": 0.6578502655029297,
        "label": "Fluffy animal"
    },
    "-0.0264_0.0783_0.652": {
        "x": -0.026369895786046982,
        "y": 0.07831969857215881,
        "z": 0.6519660353660583,
        "label": "Sphere"
    },
    "-0.068_0.0784_0.6394": {
        "x": -0.06795548647642136,
        "y": 0.07836117595434189,
        "z": 0.6393702626228333,
        "label": "Sphere"
    },
    "-0.1229_0.0787_0.6219": {
        "x": -0.12288907915353775,
        "y": 0.07867371290922165,
        "z": 0.6219127178192139,
        "label": "Cube"
    },
    "0.3918_0.0543_0.8167": {
        "x": 0.39178016781806946,
        "y": 0.05425465106964111,
        "z": 0.8167209625244141,
        "label": "Sphere"
    },
    "-0.1808_0.0782_0.5956": {
        "x": -0.18080106377601624,
        "y": 0.07817687094211578,
        "z": 0.5955672264099121,
        "label": "Cube"
    },
    "0.3285_0.0489_0.7628": {
        "x": 0.328458696603775,
        "y": 0.048940327018499374,
        "z": 0.7627767324447632,
        "label": "Fluffy animal"
    },
    "-0.2352_0.0782_0.5633": {
        "x": -0.2351638674736023,
        "y": 0.07815033942461014,
        "z": 0.5633100867271423,
        "label": "Cube"
    },
    "0.2883_0.0492_0.7546": {
        "x": 0.288271427154541,
        "y": 0.04919448122382164,
        "z": 0.754601776599884,
        "label": "Large box"
    },
    "-0.283_0.0787_0.5297": {
        "x": -0.28298383951187134,
        "y": 0.0786852166056633,
        "z": 0.5296859741210938,
        "label": "Sphere"
    },
    "0.2559_0.0507_0.7643": {
        "x": 0.2559267282485962,
        "y": 0.05067676305770874,
        "z": 0.7643161416053772,
        "label": "Large box"
    },
    "0.2048_0.0512_0.7721": {
        "x": 0.20476758480072021,
        "y": 0.05118227005004883,
        "z": 0.7720948457717896,
        "label": "Large box"
    },
    "0.1584_0.0509_0.7712": {
        "x": 0.15843838453292847,
        "y": 0.050891242921352386,
        "z": 0.7711915373802185,
        "label": "Large box"
    },
    "0.1352_0.0514_0.7719": {
        "x": 0.13521189987659454,
        "y": 0.05137258768081665,
        "z": 0.771932065486908,
        "label": "Large box"
    },
    "-0.0186_0.0516_0.7529": {
        "x": -0.018560104072093964,
        "y": 0.051567815244197845,
        "z": 0.7529129385948181,
        "label": "Large box"
    },
    "-0.1869_0.0517_0.6981": {
        "x": -0.18687042593955994,
        "y": 0.05170260742306709,
        "z": 0.6981184482574463,
        "label": "Large box"
    },
    "-0.2892_0.0505_0.6487": {
        "x": -0.28921258449554443,
        "y": 0.05048910900950432,
        "z": 0.6486731767654419,
        "label": "Fluffy animal"
    },
    "-0.3219_0.0503_0.6476": {
        "x": -0.321907103061676,
        "y": 0.05033518001437187,
        "z": 0.6476389765739441,
        "label": "Fluffy animal"
    },
    "-0.3463_0.0528_0.6423": {
        "x": -0.3463239073753357,
        "y": 0.05280404910445213,
        "z": 0.6423118710517883,
        "label": "Sphere"
    },
    "-0.2816_0.0826_0.9158": {
        "x": -0.2816295027732849,
        "y": 0.08261614292860031,
        "z": 0.9158408641815186,
        "label": "Cube"
    },
    "-0.2915_0.0828_0.9011": {
        "x": -0.291535884141922,
        "y": 0.0827573835849762,
        "z": 0.9011446237564087,
        "label": "Sphere"
    },
    "-0.3709_0.0812_0.8568": {
        "x": -0.3708929717540741,
        "y": 0.08119930326938629,
        "z": 0.8568212389945984,
        "label": "Sphere"
    },
    "-0.4238_0.0804_0.8282": {
        "x": -0.4237978756427765,
        "y": 0.0804184302687645,
        "z": 0.8281591534614563,
        "label": "Cube"
    },
    "-0.4225_0.0808_0.8258": {
        "x": -0.42252984642982483,
        "y": 0.08082281053066254,
        "z": 0.8257619142532349,
        "label": "Sphere"
    },
    "0.4063_0.067_0.8736": {
        "x": 0.406268835067749,
        "y": 0.06695470958948135,
        "z": 0.8736177682876587,
        "label": "Fluffy animal"
    },
    "0.373_0.0682_0.8692": {
        "x": 0.37301912903785706,
        "y": 0.06820735335350037,
        "z": 0.8692067861557007,
        "label": "Fluffy animal"
    },
    "0.3256_0.0696_0.8764": {
        "x": 0.3255794048309326,
        "y": 0.0696428045630455,
        "z": 0.8763718605041504,
        "label": "Fluffy animal"
    },
    "0.2722_0.0683_0.8838": {
        "x": 0.2721637487411499,
        "y": 0.0682644471526146,
        "z": 0.8837600946426392,
        "label": "Fluffy animal"
    },
    "0.2249_0.0685_0.8835": {
        "x": 0.2248823046684265,
        "y": 0.06853977590799332,
        "z": 0.8834611773490906,
        "label": "Fluffy animal"
    },
    "0.1659_0.0694_0.8993": {
        "x": 0.1658640205860138,
        "y": 0.06938929855823517,
        "z": 0.8992874026298523,
        "label": "Fluffy animal"
    },
    "0.1186_0.0678_0.891": {
        "x": 0.11857638508081436,
        "y": 0.06784031540155411,
        "z": 0.8909671902656555,
        "label": "Fluffy animal"
    },
    "0.0722_0.068_0.8894": {
        "x": 0.07224391400814056,
        "y": 0.06804600358009338,
        "z": 0.8893539309501648,
        "label": "Fluffy animal"
    },
    "0.0576_0.0676_0.8856": {
        "x": 0.057601384818553925,
        "y": 0.06759084761142731,
        "z": 0.8856214880943298,
        "label": "Large box"
    },
    "0.0524_0.0684_0.8942": {
        "x": 0.052361562848091125,
        "y": 0.06842527538537979,
        "z": 0.8941666483879089,
        "label": "Fluffy animal"
    },
    "-0.0149_0.068_0.8812": {
        "x": -0.014874772168695927,
        "y": 0.06797602027654648,
        "z": 0.8811970949172974,
        "label": "Fluffy animal"
    },
    "-0.113_0.0696_0.8593": {
        "x": -0.11304839700460434,
        "y": 0.0696345716714859,
        "z": 0.8593056797981262,
        "label": "Fluffy animal"
    },
    "-0.2085_0.0674_0.8194": {
        "x": -0.2085108458995819,
        "y": 0.06744645535945892,
        "z": 0.8193758726119995,
        "label": "Fluffy animal"
    },
    "-0.3171_0.0682_0.7721": {
        "x": -0.31705036759376526,
        "y": 0.06824252754449844,
        "z": 0.7721478343009949,
        "label": "Fluffy animal"
    },
    "0.2836_0.0822_0.7844": {
        "x": 0.28355252742767334,
        "y": 0.08221851289272308,
        "z": 0.7844316363334656,
        "label": "Sphere"
    },
    "-0.3692_0.0684_0.7136": {
        "x": -0.36915338039398193,
        "y": 0.0684407576918602,
        "z": 0.7136316895484924,
        "label": "Fluffy animal"
    },
    "0.1899_0.0822_0.7891": {
        "x": 0.18986573815345764,
        "y": 0.08219875395298004,
        "z": 0.7891349196434021,
        "label": "Sphere"
    },
    "0.1101_0.0825_0.7858": {
        "x": 0.11009283363819122,
        "y": 0.08245401084423065,
        "z": 0.7857790589332581,
        "label": "Sphere"
    },
    "0.0308_0.0824_0.7821": {
        "x": 0.030837927013635635,
        "y": 0.08242874592542648,
        "z": 0.7821344137191772,
        "label": "Sphere"
    },
    "-0.0384_0.0827_0.7706": {
        "x": -0.038423627614974976,
        "y": 0.08273255825042725,
        "z": 0.7706291675567627,
        "label": "Cube"
    },
    "-0.0401_0.0809_0.7639": {
        "x": -0.040061067789793015,
        "y": 0.0809427946805954,
        "z": 0.7639058232307434,
        "label": "Sphere"
    },
    "-0.0807_0.0797_0.7566": {
        "x": -0.08066321909427643,
        "y": 0.07973441481590271,
        "z": 0.7566008567810059,
        "label": "Sphere"
    },
    "-0.1235_0.0821_0.7454": {
        "x": -0.1234632134437561,
        "y": 0.08210940659046173,